id,first_name,last_name,email,gender,ip_address,employee_id,salary,hire_date,job_title,department,location,performance_rating
1,Devlin,Kerslake,dkerslake0@yellowpages.com,Male,116.198.21.169,1,33077.32,9/30/2021,VP Sales,Marketing,Chicago,1.8
2,Zane,McConnel,zmcconnel1@who.int,Male,214.79.62.12,2,35845.3,10/6/2007,Research Nurse,HR,New York,4.2
3,Murielle,Houlson,mhoulson2@creativecommons.org,Female,135.221.237.42,3,20669.14,11/7/2012,Environmental Specialist,IT,Houston,2.7
4,Chrystal,Alabaster,calabaster3@netlog.com,Female,104.139.176.244,4,33435.96,4/13/2015,Design Engineer,Sales,New York,4.8
5,Lisbeth,Jerrome,ljerrome4@alexa.com,Female,105.205.64.66,5,14150.46,4/29/2006,Software Consultant,Sales,Chicago,3.4
6,Martie,Tomasi,mtomasi5@storify.com,Female,109.98.17.191,6,38709.56,10/3/2013,Sales Representative,Sales,Chicago,3.4
7,Gladys,Eberts,geberts6@over-blog.com,Female,237.91.30.200,7,39956.56,6/7/2019,Electrical Engineer,HR,Miami,4.0
8,Gipsy,Babonau,gbabonau7@clickbank.net,Female,216.117.52.253,8,20186.0,10/3/2017,Budget/Accounting Analyst IV,Sales,Los Angeles,1.7
9,Antonin,Ramalho,aramalho8@oaic.gov.au,Male,185.12.227.113,9,7627.79,9/13/2019,Human Resources Manager,IT,Los Angeles,1.5
10,Logan,Hencke,lhencke9@pinterest.com,Agender,216.51.100.112,10,47995.87,6/15/2005,Clinical Specialist,HR,Houston,1.8
11,Andres,Evelyn,aevelyna@skype.com,Male,3.181.154.250,11,16348.89,8/25/2015,Actuary,IT,Miami,4.7
12,Terri-jo,Cammis,tcammisb@bing.com,Female,147.129.46.58,12,40351.45,3/3/2009,Product Engineer,Sales,New York,3.4
13,Ariadne,Giffkins,agiffkinsc@xrea.com,Female,183.196.118.190,13,47582.96,8/14/2008,GIS Technical Architect,Finance,Miami,4.5
14,Sapphira,Rubin,srubind@berkeley.edu,Non-binary,86.19.39.181,14,36048.09,9/2/2014,Budget/Accounting Analyst III,Sales,Los Angeles,1.7
15,Norby,Tremberth,ntremberthe@imdb.com,Male,167.199.8.177,15,40462.1,1/17/2003,Office Assistant IV,IT,Los Angeles,3.5
